<?xml version="1.0" encoding="UTF-8"?>
<project-private xmlns="http://www.netbeans.org/ns/project-private/1">
    <editor-bookmarks xmlns="http://www.netbeans.org/ns/editor-bookmarks/2" lastBookmarkId="0"/>
    <open-files xmlns="http://www.netbeans.org/ns/projectui-open-files/2">
        <group>
            <file>file:/C:/Users/jesus.ocampo/Documents/Aplicacion/src/controlador/Controlador.java</file>
            <file>file:/C:/Users/jesus.ocampo/Documents/Aplicacion/src/modelo/Registrar.java</file>
            <file>file:/C:/Users/jesus.ocampo/Documents/Aplicacion/src/main/Main.java</file>
            <file>file:/C:/Users/jesus.ocampo/Documents/Aplicacion/src/modelo/EstudianteVO.java</file>
            <file>file:/C:/Users/jesus.ocampo/Documents/Aplicacion/src/modelo/Conexion.java</file>
            <file>file:/C:/Users/jesus.ocampo/Documents/Aplicacion/src/vista/Vista.java</file>
        </group>
    </open-files>
</project-private>
